{"basicsMap":{},"resultMap":{},"marketMap":{},"buildingResultsMap":{"FortissBuilding1":{"CSVCoupler":{},"CSVProducer":{},"CSVStorageCharge":{},"CSVStorageDischarge":{},"CSVVolatileProducer":{},"ClientCoupler":{"FortissBuilding1.linprogMPC.components.ClientCoupler0":[0.019692713753189376,0.019692713753189373,0.019692713753189376,0.019692713746945728,0.019692713734063054]},"ClientProducer":{},"ClientStorageCharge":{"FortissBuilding1.linprogMPC.components.ClientStorageCharge0":[4.0756663021322985E-5,4.0756663021323364E-5,4.075666302132315E-5,4.079412567132852E-5,4.0903893807111235E-5]},"ClientStorageDischarge":{"FortissBuilding1.linprogMPC.components.ClientStorageDischarge0":[1.7187021725115292,1.7187021725104341,1.7187021725104326,1.954758745647415,2.297328684618275]},"ClientVolatileProducer":{"FortissBuilding1.linprogMPC.components.ClientVolatileProducer0":[2.1273732022682714,2.1273732022682714,2.1273732022682714,2.1273732023211487,2.1273732025420666]}},"FortissBuilding2":{"CSVCoupler":{},"CSVProducer":{},"CSVStorageCharge":{},"CSVStorageDischarge":{},"CSVVolatileProducer":{},"ClientCoupler":{"FortissBuilding2.linprogMPC.components.ClientCoupler0":[1.6281423583851497E-6,1.6281423583602696E-6,1.6281423583871017E-6,1.628106019256104E-6,1.6280371409557532E-6]},"ClientProducer":{},"ClientStorageCharge":{"FortissBuilding2.linprogMPC.components.ClientStorageCharge0":[4.08713408039751E-5,4.08713408039751E-5,4.087134080397504E-5,4.086724353910223E-5,4.095893769652482E-5]},"ClientStorageDischarge":{"FortissBuilding2.linprogMPC.components.ClientStorageDischarge0":[3.0307339928308754,3.0307339928309793,3.0307339928309807,2.99058674125125,3.597405681577651]},"ClientVolatileProducer":{"FortissBuilding2.linprogMPC.components.ClientVolatileProducer0":[8.577604176996363E-8,8.57760418272995E-8,8.577604175311403E-8,8.586710045747018E-8,8.604766270995149E-8]}}},"generalResultsMap":{"ElecBuy":[1.9353766722639475E-6,1.9353766722639543E-6,1.9353766722639475E-6,1.935381768551614E-6,1.935404138256515E-6],"ElecSell":[5.083169119779275,5.083169119778282,5.083169119778282,5.279078407981923,6.228467085874688],"HeatBuy":[0.0,0.0,0.0,0.0,0.0],"HeatSell":[0.0,0.0,0.0,0.0,0.0]}}