{"resultMap":{"ElecBuy":[0.0,0.0,0.0,0.0,0.0],"ElecSell":[0.0,0.0,0.0,0.0,0.0],"gasboilers0":[0.0,1.0,0.0,0.0,1.0],"thermalstorage0Charge":[3.1263811244566844,0.0,0.8579999999999999,2.2687934955907045,0.0],"thermalstorage0Discharge":[0.0,2.942,0.0,0.0,2.9419999999999993]}}