{"resultMap":{"CPROD00":[6.874790698462412,0.0,4.318181818181818,5.404520091982909,0.0],"CPROD00_OFF":[0.0,1.0,0.0,0.0,1.0],"ElecBuy":[0.0,0.0,0.0,0.0,0.0],"ElecSell":[0.0,0.0,0.0,0.0,0.0],"STRGE00Charge":[3.116815814646923,0.0,0.867,1.8229776809449594,0.0],"STRGE00Discharge":[0.0,2.933,0.0,0.0,2.5309999999999997]}}