{"in":{"str":"{\"resultMap\":{\"CoSESEMS01OBJ01_COUPL01\":[7.053941908713694,7.053941908713693,7.053941908713693,7.053941908713694,7.053941908713692],\"CoSESEMS01OBJ01_COUPL01OFF\":[0.0,0.0,0.0,0.0,0.0],\"CoSESEMS01OBJ01_COUPL01_T2_withEffieciency_ELECTRICITY\":[1.9609958506224068,5.1000000000000005,1.960995850622407,5.099999999999999,1.9609958506224066],\"CoSESEMS01OBJ01_COUPL01_withEffieciency_HEAT\":[5.1000000000000005,1.960995850622407,5.1,1.9609958506224068,5.1],\"CoSESEMS01OBJ01_STRGE01_Charge\":[0.0,0.0,0.0,0.0,0.0],\"CoSESEMS01OBJ01_STRGE01_Discharge\":[0.0,0.0,0.0,0.0,0.0],\"CoSESEMS02OBJ01_CPROD01\":[0.0,0.0,0.0,0.0,0.0],\"CoSESEMS02OBJ01_CPROD01_OFF\":[1.0,1.0,1.0,1.0,1.0],\"CoSESEMS02OBJ01_CPROD01_withEfficiency\":[0.0,0.0,0.0,0.0,0.0],\"CoSESEMS02OBJ01_STRGE01_Charge\":[2.9152759682546696,0.0,0.0,0.0,0.0],\"CoSESEMS02OBJ01_STRGE01_Discharge\":[0.0,9.15036015604329,9.087629960346609,5.815996280341248,5.815996280341256],\"ElecBuy\":[0.16783780237759385,0.12806120937759388,0.03985995137759398,0.08038679237759389,0.5547713823775949],\"ElecSell\":[0.0,0.0,0.0,0.0,0.0],\"connection_FromCoSES_H1_ToCoSES_H2Back\":[0.0,0.0,0.2876299603466117,0.0,0.0],\"connection_FromCoSES_H1_ToCoSES_H2Back_withEfficiency\":[0.0,0.0,0.28461538500006206,0.0,0.0],\"connection_FromCoSES_H1_ToCoSES_H2Frwd\":[2.946153846,1.8692307690000005,0.0,0.7923076920000004,0.7923076919999985],\"connection_FromCoSES_H1_ToCoSES_H2Frwd_withEfficiency\":[2.915275968255306,1.8496398439571122,0.0,0.7840037196589182,0.7840037196589164]}}","length":1477,"next":0,"mark":0},"lenient":false,"buffer":["\u0000","\u0000","\u0000","\u0000","\u0000","\u0000","\u0000","\u0000","\u0000","\u0000","\u0000","\u0000","\u0000","\u0000","\u0000","\u0000","\u0000","\u0000","\u0000","\u0000","\u0000","\u0000","\u0000","\u0000","\u0000","\u0000","\u0000","\u0000","\u0000","\u0000","\u0000","\u0000","\u0000","\u0000","\u0000","\u0000","\u0000","\u0000","\u0000","\u0000","\u0000","\u0000","\u0000","\u0000","\u0000","\u0000","\u0000","\u0000","\u0000","\u0000","\u0000","\u0000","\u0000","\u0000","\u0000","\u0000","\u0000","\u0000","\u0000","\u0000","\u0000","\u0000","\u0000","\u0000","\u0000","\u0000","\u0000","\u0000","\u0000","\u0000","\u0000","\u0000","\u0000","\u0000","\u0000","\u0000","\u0000","\u0000","\u0000","\u0000","\u0000","\u0000","\u0000","\u0000","\u0000","\u0000","\u0000","\u0000","\u0000","\u0000","\u0000","\u0000","\u0000","\u0000","\u0000","\u0000","\u0000","\u0000","\u0000","\u0000","\u0000","\u0000","\u0000","\u0000","\u0000","\u0000","\u0000","\u0000","\u0000","\u0000","\u0000","\u0000","\u0000","\u0000","\u0000","\u0000","\u0000","\u0000","\u0000","\u0000","\u0000","\u0000","\u0000","\u0000","\u0000","\u0000","\u0000","\u0000","\u0000","\u0000","\u0000","\u0000","\u0000","\u0000","\u0000","\u0000","\u0000","\u0000","\u0000","\u0000","\u0000","\u0000","\u0000","\u0000","\u0000","\u0000","\u0000","\u0000","\u0000","\u0000","\u0000","\u0000","\u0000","\u0000","\u0000","\u0000","\u0000","\u0000","\u0000","\u0000","\u0000","\u0000","\u0000","\u0000","\u0000","\u0000","\u0000","\u0000","\u0000","\u0000","\u0000","\u0000","\u0000","\u0000","\u0000","\u0000","\u0000","\u0000","\u0000","\u0000","\u0000","\u0000","\u0000","\u0000","\u0000","\u0000","\u0000","\u0000","\u0000","\u0000","\u0000","\u0000","\u0000","\u0000","\u0000","\u0000","\u0000","\u0000","\u0000","\u0000","\u0000","\u0000","\u0000","\u0000","\u0000","\u0000","\u0000","\u0000","\u0000","\u0000","\u0000","\u0000","\u0000","\u0000","\u0000","\u0000","\u0000","\u0000","\u0000","\u0000","\u0000","\u0000","\u0000","\u0000","\u0000","\u0000","\u0000","\u0000","\u0000","\u0000","\u0000","\u0000","\u0000","\u0000","\u0000","\u0000","\u0000","\u0000","\u0000","\u0000","\u0000","\u0000","\u0000","\u0000","\u0000","\u0000","\u0000","\u0000","\u0000","\u0000","\u0000","\u0000","\u0000","\u0000","\u0000","\u0000","\u0000","\u0000","\u0000","\u0000","\u0000","\u0000","\u0000","\u0000","\u0000","\u0000","\u0000","\u0000","\u0000","\u0000","\u0000","\u0000","\u0000","\u0000","\u0000","\u0000","\u0000","\u0000","\u0000","\u0000","\u0000","\u0000","\u0000","\u0000","\u0000","\u0000","\u0000","\u0000","\u0000","\u0000","\u0000","\u0000","\u0000","\u0000","\u0000","\u0000","\u0000","\u0000","\u0000","\u0000","\u0000","\u0000","\u0000","\u0000","\u0000","\u0000","\u0000","\u0000","\u0000","\u0000","\u0000","\u0000","\u0000","\u0000","\u0000","\u0000","\u0000","\u0000","\u0000","\u0000","\u0000","\u0000","\u0000","\u0000","\u0000","\u0000","\u0000","\u0000","\u0000","\u0000","\u0000","\u0000","\u0000","\u0000","\u0000","\u0000","\u0000","\u0000","\u0000","\u0000","\u0000","\u0000","\u0000","\u0000","\u0000","\u0000","\u0000","\u0000","\u0000","\u0000","\u0000","\u0000","\u0000","\u0000","\u0000","\u0000","\u0000","\u0000","\u0000","\u0000","\u0000","\u0000","\u0000","\u0000","\u0000","\u0000","\u0000","\u0000","\u0000","\u0000","\u0000","\u0000","\u0000","\u0000","\u0000","\u0000","\u0000","\u0000","\u0000","\u0000","\u0000","\u0000","\u0000","\u0000","\u0000","\u0000","\u0000","\u0000","\u0000","\u0000","\u0000","\u0000","\u0000","\u0000","\u0000","\u0000","\u0000","\u0000","\u0000","\u0000","\u0000","\u0000","\u0000","\u0000","\u0000","\u0000","\u0000","\u0000","\u0000","\u0000","\u0000","\u0000","\u0000","\u0000","\u0000","\u0000","\u0000","\u0000","\u0000","\u0000","\u0000","\u0000","\u0000","\u0000","\u0000","\u0000","\u0000","\u0000","\u0000","\u0000","\u0000","\u0000","\u0000","\u0000","\u0000","\u0000","\u0000","\u0000","\u0000","\u0000","\u0000","\u0000","\u0000","\u0000","\u0000","\u0000","\u0000","\u0000","\u0000","\u0000","\u0000","\u0000","\u0000","\u0000","\u0000","\u0000","\u0000","\u0000","\u0000","\u0000","\u0000","\u0000","\u0000","\u0000","\u0000","\u0000","\u0000","\u0000","\u0000","\u0000","\u0000","\u0000","\u0000","\u0000","\u0000","\u0000","\u0000","\u0000","\u0000","\u0000","\u0000","\u0000","\u0000","\u0000","\u0000","\u0000","\u0000","\u0000","\u0000","\u0000","\u0000","\u0000","\u0000","\u0000","\u0000","\u0000","\u0000","\u0000","\u0000","\u0000","\u0000","\u0000","\u0000","\u0000","\u0000","\u0000","\u0000","\u0000","\u0000","\u0000","\u0000","\u0000","\u0000","\u0000","\u0000","\u0000","\u0000","\u0000","\u0000","\u0000","\u0000","\u0000","\u0000","\u0000","\u0000","\u0000","\u0000","\u0000","\u0000","\u0000","\u0000","\u0000","\u0000","\u0000","\u0000","\u0000","\u0000","\u0000","\u0000","\u0000","\u0000","\u0000","\u0000","\u0000","\u0000","\u0000","\u0000","\u0000","\u0000","\u0000","\u0000","\u0000","\u0000","\u0000","\u0000","\u0000","\u0000","\u0000","\u0000","\u0000","\u0000","\u0000","\u0000","\u0000","\u0000","\u0000","\u0000","\u0000","\u0000","\u0000","\u0000","\u0000","\u0000","\u0000","\u0000","\u0000","\u0000","\u0000","\u0000","\u0000","\u0000","\u0000","\u0000","\u0000","\u0000","\u0000","\u0000","\u0000","\u0000","\u0000","\u0000","\u0000","\u0000","\u0000","\u0000","\u0000","\u0000","\u0000","\u0000","\u0000","\u0000","\u0000","\u0000","\u0000","\u0000","\u0000","\u0000","\u0000","\u0000","\u0000","\u0000","\u0000","\u0000","\u0000","\u0000","\u0000","\u0000","\u0000","\u0000","\u0000","\u0000","\u0000","\u0000","\u0000","\u0000","\u0000","\u0000","\u0000","\u0000","\u0000","\u0000","\u0000","\u0000","\u0000","\u0000","\u0000","\u0000","\u0000","\u0000","\u0000","\u0000","\u0000","\u0000","\u0000","\u0000","\u0000","\u0000","\u0000","\u0000","\u0000","\u0000","\u0000","\u0000","\u0000","\u0000","\u0000","\u0000","\u0000","\u0000","\u0000","\u0000","\u0000","\u0000","\u0000","\u0000","\u0000","\u0000","\u0000","\u0000","\u0000","\u0000","\u0000","\u0000","\u0000","\u0000","\u0000","\u0000","\u0000","\u0000","\u0000","\u0000","\u0000","\u0000","\u0000","\u0000","\u0000","\u0000","\u0000","\u0000","\u0000","\u0000","\u0000","\u0000","\u0000","\u0000","\u0000","\u0000","\u0000","\u0000","\u0000","\u0000","\u0000","\u0000","\u0000","\u0000","\u0000","\u0000","\u0000","\u0000","\u0000","\u0000","\u0000",